Year,Trial,YearTrial,Treatment,#Survive,Total,%Survive
2023,1,20231,Bottom,31,60,51.66666667
2023,1,20231,Top,41,60,68.33333333
2023,2,20232,Bottom,15,60,25
2023,2,20232,Top,19,60,31.66666667
2024,1,20241,Bottom,36,60,60
2024,1,20241,Top,30,60,50
2024,2,20242,Bottom,40,60,66.66666667
2024,2,20242,Top,50,60,83.33333333
